Question,Complex_CoT,Response
ğŸ + ğŸ + ğŸ = 12,Break it down: ğŸ + ğŸ + ğŸ = 12 â†’ Divide both sides by 3 â†’ ğŸ = 4,ğŸ = 4
ğŸš— + ğŸš— + ğŸš— + ğŸš— = 20,Divide both sides by 4 â†’ ğŸš— = 5,ğŸš— = 5
ğŸ€ + ğŸ€ = 8,Divide by 2 â†’ ğŸ€ = 4,ğŸ€ = 4
ğŸŒ + ğŸŒ + ğŸŒ + ğŸŒ + ğŸŒ = 25,Divide by 5 â†’ ğŸŒ = 5,ğŸŒ = 5
ğŸ± + ğŸ± + ğŸ± = 15,Divide by 3 â†’ ğŸ± = 5,ğŸ± = 5
ğŸŒŸ + ğŸŒŸ = 10,Divide by 2 â†’ ğŸŒŸ = 5,ğŸŒŸ = 5
ğŸ• + ğŸ• + ğŸ• + ğŸ• + ğŸ• + ğŸ• = 30,Divide by 6 â†’ ğŸ• = 5,ğŸ• = 5
ğŸš€ + ğŸš€ + ğŸš€ = 18,Divide by 3 â†’ ğŸš€ = 6,ğŸš€ = 6
ğŸ“ + ğŸ“ = 14,Divide by 2 â†’ ğŸ“ = 7,ğŸ“ = 7
ğŸ¦„ + ğŸ¦„ + ğŸ¦„ + ğŸ¦„ = 28,Divide by 4 â†’ ğŸ¦„ = 7,ğŸ¦„ = 7
ğŸ¸ + ğŸ¸ + ğŸ¸ + ğŸ¸ + ğŸ¸ = 40,Divide by 5 â†’ ğŸ¸ = 8,ğŸ¸ = 8
ğŸˆ + ğŸˆ = 16,Divide by 2 â†’ ğŸˆ = 8,ğŸˆ = 8
ğŸ© + ğŸ© + ğŸ© = 27,Divide by 3 â†’ ğŸ© = 9,ğŸ© = 9
ğŸ”¥ + ğŸ”¥ + ğŸ”¥ + ğŸ”¥ + ğŸ”¥ + ğŸ”¥ = 54,Divide by 6 â†’ ğŸ”¥ = 9,ğŸ”¥ = 9
ğŸ® + ğŸ® = 20,Divide by 2 â†’ ğŸ® = 10,ğŸ® = 10
ğŸ» + ğŸ» + ğŸ» + ğŸ» + ğŸ» + ğŸ» + ğŸ» = 77,Divide by 7 â†’ ğŸ» = 11,ğŸ» = 11
ğŸ¥ + ğŸ¥ + ğŸ¥ + ğŸ¥ = 44,Divide by 4 â†’ ğŸ¥ = 11,ğŸ¥ = 11
ğŸ’ + ğŸ’ + ğŸ’ = 36,Divide by 3 â†’ ğŸ’ = 12,ğŸ’ = 12
ğŸ¦œ + ğŸ¦œ + ğŸ¦œ + ğŸ¦œ + ğŸ¦œ = 65,Divide by 5 â†’ ğŸ¦œ = 13,ğŸ¦œ = 13
ğŸƒ + ğŸƒ + ğŸƒ + ğŸƒ = 52,Divide by 4 â†’ ğŸƒ = 13,ğŸƒ = 13
ğŸ­ + ğŸ­ + ğŸ­ + ğŸ­ + ğŸ­ + ğŸ­ = 84,Divide by 6 â†’ ğŸ­ = 14,ğŸ­ = 14
ğŸ¦ + ğŸ¦ = 30,Divide by 2 â†’ ğŸ¦ = 15,ğŸ¦ = 15
ğŸ† + ğŸ† + ğŸ† + ğŸ† + ğŸ† = 80,Divide by 5 â†’ ğŸ† = 16,ğŸ† = 16
ğŸ¹ + ğŸ¹ + ğŸ¹ = 51,Divide by 3 â†’ ğŸ¹ = 17,ğŸ¹ = 17
ğŸ„ + ğŸ„ + ğŸ„ + ğŸ„ + ğŸ„ + ğŸ„ = 108,Divide by 6 â†’ ğŸ„ = 18,ğŸ„ = 18
ğŸŒˆ + ğŸŒˆ = 38,Divide by 2 â†’ ğŸŒˆ = 19,ğŸŒˆ = 19
ğŸ° + ğŸ° + ğŸ° + ğŸ° + ğŸ° = 100,Divide by 5 â†’ ğŸ° = 20,ğŸ° = 20
ğŸ + ğŸ + ğŸ = 63,Divide by 3 â†’ ğŸ = 21,ğŸ = 21
ğŸ›¶ + ğŸ›¶ + ğŸ›¶ + ğŸ›¶ = 88,Divide by 4 â†’ ğŸ›¶ = 22,ğŸ›¶ = 22
ğŸ€ + ğŸ¸ + ğŸƒ = 25,"Break down values: ğŸ€ = 4, ğŸ¸ = 8, ğŸƒ = 13","ğŸ€ = 4, ğŸ¸ = 8, ğŸƒ = 13"
